6,380
and,371
of,252
the,162
engineering,148
to,123
"",102
in,84
elective,59
for,59
systems,53
a,51
general,49
computer,47
design,46
subject,44
year,40
from,37
as,37
1,36
2,36
level,35
bachelor,35
information,34
students,31
math283,29
math142,29
electives,28
management,28
degree,28
data,27
csit121,26
education,26
programming,26
3,25
major,25
be,24
mathematics,23
list,23
professional,23
4,23
faculty,22
science,22
engg104,21
with,21
ara,21
engg100,21
200,20
analysis,20
engineers,20
mechanical,20
csci291,19
technical,19
at,19
credit,19
subjects,19
security,18
mobile,18
ecte233,18
apply,17
sciences,17
fundamentals,17
development,17
csit214,17
subjects),16
will,16
csci251,16
cp,16
csit111,16
project,16
skills,16
an,16
or,16
program,15
is,15
are,15
12,15
business,15
electrical,14
12cp,14
learning,14
mechanics,14
game,14
outcomes,13
code,13
comp.,13
software,13
able,13
across,13
this,13
society,13
completion,13
name,12
societies,12
develop,12
math141,12
any,12
language,12
experience,12
engg102,12
international,12
which,12
ecte202,11
uae,11
core,11
required,11
"systems,",11
system,11
"engineering,",11
points,11
on,11
principles,11
relations,11
geog222,11
102,11
arabic,11
csit115,11
irae135,11
select,11
knowledge,11
ecte203,11
ages,11
arts317,11
muslim,11
environment,11
requirement,10
solving,10
101,10
ecte333,10
csit114,10
e,10
accrue,10
p,10
have,10
digital,10
(direct),10
multimedia,10
schedule,10
foundations,10
communication,10
total,10
advanced,10
materials,10
278,10
"subjects,",9
completed,9
systems.,9
communications,9
technology,9
sciencegeneral,9
phys143,9
csci,9
it,9
ability,9
including,9
least,9
to:,9
structure,9
csit127,9
pre-requisites,8
flexible,8
two,8
csit,8
0,8
24cp,8
range,8
average,8
they,8
weighted,8
100,8
"design,",8
addition,8
18cp,8
such,8
control,8
successful,8
engg103,8
csitcsciisit,8
problem,8
971,8
mark,8
graduates,8
ecte324,8
192,8
also,8
essentials,8
big,8
interaction,7
7,7
introduction,7
embedded,7
requirements,7
power,7
their,7
title,7
appropriate,7
database,7
course,7
mechatronic,7
civil,7
problems,7
automation,7
games,7
following,7
student,7
ecte250,7
computing,7
csit128,7
structures,7
applications,7
that,7
signal,7
processing,7
gec,6
dynamics,6
ecte364,6
qualify,6
more,6
award,6
can,6
aggregate,6
below,6
one,6
math221,6
(wam),6
human,6
professor,6
intake,6
includes,6
(honours),6
solutions,6
campus,6
problems.,6
years,6
should,6
50.,6
emirates,6
autumnspringwinter,6
demonstrate,6
abbreviation:,6
csci235,6
testamur,6
degree:,6
engg105,6
-,6
methodologies,6
overall,6
networks,6
additional,6
qf,6
thesis,6
mode:,6
duration:,6
faculty:,6
effectively,6
theory,6
delivery,6
upon,6
electronics,6
csci203,6
statistics,6
dr.,6
code:,6
construction,6
key,6
points:,6
home,6
all,6
tools,6
fluid,6
sustainability,6
session(s):,6
physics,6
techniques,6
(plus,6
manage,6
uowd,6
chosen,6
(face-to-face),6
"developers,",5
real-world,5
critical,5
capstone,5
understanding,5
engg454,5
(all,5
engg252,5
evaluate,5
csit226,5
topics,5
object,5
18,5
energy,5
csit314,5
both,5
team,5
practice,5
mining,5
csit113,5
csit321,5
candidate,5
ethical,5
cyber,5
algorithms,5
further,5
robotics,5
architecture,5
technologies,5
ecte471,5
hardware,5
well,5
mech203,5
2.,5
web,5
shall,5
microcontroller,5
1.,5
300-level,5
oriented,5
engg251,5
complete,5
"machines,",4
csitcsci,4
ecte433,4
"knowledge,",4
industry,4
not,4
circuits,4
applied,4
electives.,4
by,4
communicate,4
managing,4
mark101,4
ecte498,4
scienceit,4
"(cp),",4
"science,",4
associate,4
autonomous,4
2),4
mech215,4
"addition,",4
applicable,4
marketing,4
network,4
modelling,4
wireless,4
areas,4
autumn,4
real,4
approach,4
public,4
only,4
social,4
ecte363,4
mgnt110,4
civl311,4
internet,4
adopt,4
"materials,",4
video,4
taken,4
workshop,4
class,4
need,4
part,4
(cp).,4
lead,4
projects,4
performance,4
entertainment,4
completes,4
ecte401,4
ecte465,4
thinking,4
practical,4
ecte212,4
electives),4
designing,4
ecte351,4
engine,4
3166,4
joining,4
(2,4
decision,4
ecte344,4
machines,4
related,4
"analysis,",3
ecte323,3
complex,3
100-level,3
set,3
field,3
discovery,3
strategies,3
accomplish,3
ecte399,3
assistant,3
ecte233),3
specialisations,3
solve,3
using,3
new,3
electromagnetics,3
3.,3
computers,3
research,3
systems;,3
(math141,3
theoretical,3
provides,3
utilisation,3
aims,3
(honours):,3
sustainable,3
study,3
5,3
engg461,3
building,3
director,3
capacity,3
csci236,3
conceptual,3
hacking,3
198,3
mech226,3
pubh115,3
"projects,",3
detailed,3
initiate,3
meeting,3
provide,3
applications.,3
ecte477,3
manufacturing,3
accounting,3
designed,3
pre-requisite,3
(3,3
assess,3
5.,3
things,3
144,3
employ,3
6cp,3
traditional,3
introductory,3
discipline,3
devices,3
function,3
leader,3
health,3
organisational,3
industrial,3
ecte213,3
order,3
goals,3
mech252,3
"networks,",3
them,3
work,3
processes,3
"specializations,",3
methods,3
artificial,3
approaches,3
where,3
real-time,3
"18cp,",3
"thermodynamics,",3
utilise,3
info411,3
classification,3
world,3
following:,3
common,3
36,3
120cps,3
"security,",3
structural,3
telecommunications,3
creative,3
identify,3
if,3
acquire,3
requisite,3
6.,3
graduating,3
accy111,3
first,3
4.,3
interpret,3
ecte301,3
"program,",3
cybersecurity,3
design.,3
making,3
address,3
cscicsit,3
solids,3
surveying,2
chemistry,2
drives,2
production,2
security),2
experts,2
"research,",2
(game,2
experimental,2
3d,2
isit224,2
element,2
"management,",2
"csit111,",2
"data,",2
special,2
show,2
considered,2
programs,2
"csit115,",2
(12cp),2
process,2
must,2
above,2
203,2
equip,2
objectives.,2
there,2
ecte474,2
chem103,2
(general,2
mech311,2
situations.,2
isit312,2
selected,2
civl322,2
csci336,2
96,2
civl361,2
approved,2
responsibilities.,2
contemporary,2
machine,2
csci323,2
42cp,2
csci317,2
than,2
tablets,2
sophisticated,2
"develop,",2
requisites,2
responsibility,2
create,2
hydraulics,2
fields,2
careers,2
opting,2
queuing,2
"technology,",2
ecte412,2
engg452,2
implement,2
graphics,2
careers.,2
"discern,",2
"120cps,",2
(cyber,2
200-level,2
(big,2
csit242,2
csci316,2
mech201,2
(technical,2
ecte331,2
use,2
csci262,2
ecte426,2
focuses,2
csci301,2
underpinning,2
reliability,2
"specifications,",2
support,2
enrol,2
necessary,2
clearly,2
implementation,2
2022,2
developing,2
respect,2
data),2
choose,2
advancement,2
strategic,2
"visualisation,",2
comprehensive,2
finite,2
"points,",2
concepts.,2
simulate,2
mech382,2
ecte469,2
environmental,2
csit302,2
csci376,2
teams,2
aspects,2
"industry,",2
isit204,2
csci356,2
integrate,2
behaviour,2
"structures,",2
road,2
helps,2
interactive,2
ecte423,2
engineering),2
academic,2
designers.,2
"programmers,",2
97,2
intelligence,2
ecte,2
aided,2
exciting,2
"platforms,",2
"graphics,",2
components,2
contribute,2
through,2
devices.,2
majors,2
trains,2
multicore,2
concept,2
division,2
csci346,2
"core,",2
development),2
65,2
"phones,",2
sessions),2
2022intake.,2
wearable,2
intake.,2
working,2
csci369,2
application,2
skills.,2
commerce.,2
csci368,2
honours,2
hazards.,2
14,2
gpu,2
making.,2
pre-,2
200300-level,2
mech321,2
has,2
optimization,2
(8,2
subject.,2
"ii,",2
"animators,",2
tuning,2
background,2
distribution,2
multi-disciplinary,2
art,1
transmitted,1
everyday,1
cost-effectively,1
"rail,",1
involving,1
include,1
taking,1
positive,1
"(iot),",1
achieve,1
intricate,1
globally,1
expression,1
robotic,1
among,1
"animation,",1
sense,1
discipline-specific,1
renewable,1
mech326,1
"trends,",1
"perspectives,",1
"analysts,",1
"innovative,",1
generating,1
unauthorised,1
cybersecurity.,1
elective),1
stock,1
organizational,1
mech365,1
dealing,1
appreciate,1
mathew,1
recognised,1
aerospace,1
"problem,",1
coherently,1
university,1
within,1
neural,1
agents.,1
demand,1
problem-solving,1
account,1
cyber-physical,1
coordinator,1
sectors:,1
"civl361,",1
combination,1
"air-conditioning,",1
essential,1
"actuators,",1
fred,1
isit,1
finance,1
"analyse,",1
(18cp),1
rights,1
commonplace,1
soly,1
stephenwilkinsonuowdubai.ac.ae,1
objectives,1
90cp,1
faced,1
30,1
113,1
stakeholders,1
monitoring,1
experimentation.,1
robots.,1
human.,1
wilkinson,1
beng,1
capable,1
wollongong,1
"own,",1
integrated,1
access,1
dilemmas,1
settings,1
umarasgharuowdubai.ac.ae,1
measures.,1
engg454.,1
handling,1
you,1
"independently,",1
variety,1
responses.,1
context,1
"loadings,",1
labour.,1
optimise,1
1977,1
administrative,1
enrolment.,1
heat,1
educators,1
cps,1
sit,1
community,1
codes,1
winter,1
"implementation,",1
fin,1
engineering:,1
"audiences,",1
commercial,1
maths,1
visualization,1
maintenance,1
develops,1
derived,1
concepts,1
famous,1
"pneumatics,",1
wide,1
thermodynamics,1
table,1
level.,1
improving,1
"robotics,",1
"roles,",1
telecommunication,1
algorithmic,1
csitcscii,1
teaching,1
members.,1
62.5,1
relationships,1
mariapereirauowdubai.ac.ae,1
teaches,1
bijlani,1
data.,1
animation,1
"dynamics,",1
example,1
concept:,1
(cp),1
mech431,1
programmable,1
officer,1
"threats,",1
"impact,",1
khatib,1
impact,1
accept,1
infrastructure,1
ecte399.,1
logical,1
maintain,1
computer-controlled,1
300,1
civl201,1
educational,1
(civil,1
1940,1
2d3d,1
"manufacturing,",1
options,1
stephen,1
plays,1
geotechnical,1
"(plc),",1
comply,1
144cp,1
engines;,1
out,1
contacts,1
pereira,1
"development,",1
"services,",1
lab,1
automatic,1
study.,1
internet.,1
processes.,1
"homes,",1
hailerajamaniuowdubai.ac.ae,1
rahul,1
iot,1
banking,1
96cp,1
iii,1
efficient,1
plus,1
great,1
72.5-77.5,1
these,1
(4,1
forms,1
citizens,1
estimate,1
civl314,1
central,1
alternate,1
qualitative,1
washing,1
"presentations,",1
aprilnunaguowdubai.ac.ae,1
quantitative,1
"commitment,",1
mechanisms,1
120,1
1905,1
types,1
plant,1
wam,1
ensure,1
may,1
(30cp),1
requirement.,1
recognizing,1
hospitals.,1
water,1
appropriately,1
refrigeration,1
interest,1
mark343,1
resource,1
advisor,1
mech419,1
"technologies,",1
engineers.,1
efficiencies.,1
natural,1
bulk,1
aerodynamics,1
1904,1
protected,1
harness,1
"identify,",1
other,1
mgnt206,1
decisions,1
controllers,1
delivered.,1
civl394,1
"automation,",1
information:,1
life,1
"problems,",1
"vehicles,",1
labour,1
"printing,",1
econ100,1
"information,",1
interdisciplinary,1
"intelligence,",1
allows,1
"programming,",1
stable,1
civl489,1
creatively,1
between,1
"machinery,",1
machinery;,1
prepare,1
breached,1
broadest,1
scope,1
"microcontrollers,",1
literature,1
handout,1
transport,1
innovative,1
describe,1
profitability,1
ground,1
(24cp),1
mech482,1
us.,1
"audio,",1
appliances,1
values,1
rahulbijlaniuowdubai.ac.ae,1
organisations.,1
"rocks,",1
suitable,1
eesc252,1
civl458,1
others,1
robots,1
mgnt201,1
geo-mechanics,1
"electronic,",1
workplaces,1
site,1
into,1
"facilities,",1
111,1
dissimilar,1
culture,1
view,1
everyone,1
teller,1
talented,1
accy112,1
"computers,",1
3164,1
101ara,1
strengths,1
wish,1
nearly,1
operational,1
full,1
basic,1
construction.,1
conditions,1
greater,1
operating,1
"gather,",1
"views,",1
researchers.,1
"requirements,",1
sabihabanuuowdubai.ac.ae,1
specialised,1
science),1
1739,1
bcompsc,1
secure,1
private,1
isit-300,1
long,1
"geotechnics,",1
our,1
performing,1
logic,1
signals,1
multidisciplinary,1
"day,",1
mech470,1
cp),1
nunag,1
foundation,1
hacked,1
fundamental,1
courses,1
"mechanics,",1
4.0,1
isit301,1
similar,1
current,1
(computer,1
advent,1
"finance,",1
standards.,1
uses,1
(6,1
3165,1
strong,1
stakeholders.,1
consider,1
al,1
introduced,1
development.,1
math223,1
deign,1
subjects.,1
62.5-67.5,1
"vulnerabilities,",1
conventional,1
dubai,1
april,1
choosing,1
virtual,1
argument,1
combat,1
"process,",1
mech474,1
writing,1
productively,1
attitudes,1
"leadership,",1
articulate,1
engineering.,1
selection,1
ebusiness,1
smarter,1
obadaalkhatibuowdubai.ac.ae,1
registry,1
hugely,1
"web,",1
designers,1
204,1
acquired,1
skill,1
mai,1
(hons),1
predict,1
plan,1
perspectives,1
sabiha,1
civl463,1
"defence,",1
analytics,1
make,1
identifying,1
maielbarachiuowdubai.ac.ae,1
empowered,1
2023,1
1923,1
final-year,1
solutions.,1
technology.,1
arms,1
patient,1
listed,1
analytics.,1
internship,1
i,1
market,1
ethics,1
availability,1
manual,1
stored,1
survey,1
mech343,1
organizations,1
it.,1
do,1
77.5-100,1
administrator,1
operations,1
been,1
asghar,1
analyses,1
every,1
strategy.,1
evaluation.,1
pursue,1
civl444,1
stipulated,1
geology,1
establishing,1
accountabilities,1
final,1
meet,1
effectiveness.,1
critically,1
hydrology,1
high-level,1
crucial,1
economic,1
decision-making,1
"sensors,",1
"(electrical,",1
"video,",1
"solving,",1
assistive,1
no,1
help,1
mark301,1
7.,1
sets,1
e-business,1
cultures,1
state,1
properties,1
consultation,1
role,1
"conditions,",1
"vibrations,",1
"problem-solving,",1
elective.,1
sensors,1
ug,1
sensitive,1
"computation,",1
mech341,1
mech489,1
planner,1
mitigate,1
entrepreneurship,1
information.,1
services,1
basis,1
"software,",1
as:,1
"it,",1
"processes,",1
so.,1
carry,1
"mechatronics,",1
time,1
obada,1
1979,1
civl462,1
negotiation,1
awarded,1
integration.,1
"retail,",1
csci-300,1
soils,1
"applications,",1
"algorithms,",1
feeling,1
establish,1
printers.,1
ai,1
responsibilities,1
umar,1
(5,1
disciplinary,1
elbarachi,1
understand,1
below.,1
(7,1
"insurance,",1
ine,1
web-based,1
conditioning,1
decision-,1
efficiently,1
worlds,1
confidently,1
ones,1
prepares,1
"individuals,",1
civl245,1
so,1
"languages,",1
issues.,1
adapt,1
government,1
consult,1
existing,1
seek,1
"analytical,",1
delivering,1
"moreover,",1
being,1
medical,1
specified,1
threats,1
csci370,1
advised,1
"discipline,",1
"drones,",1
effective,1
disrupted,1
modern,1
"ebusiness,",1
about,1
demonstrates,1
maximize,1
"solutions,",1
advantage.,1
sectors,1
bbis,1
"specialisations,",1
demanded,1
efficiency,1
verbally,1
banu,1
cad,1
csci350,1
enhance,1
civl272,1
improved,1
"transducers,",1
cameras,1
maria,1
"reports,",1
attributes,1
haile-selassie,1
civl454,1
context.,1
1990,1
civl491,1
test,1
transfer,1
"mechanical,",1
"strength,",1
reality,1
mechatronics,1
vulnerabilities,1
feasibleoptimal,1
many,1
asset,1
subjects;,1
iot.,1
branches,1
engg378,1
concern;,1
rajamani,1
301,1
vehicles,1
risk,1
innovation,1
offers,1
air,1
version,1
via,1
acquisition,1
67.5-72.5,1
50,1
1933,1
transform,1
"others,",1
measure,1
computational,1
1920,1
(feis),1
108cp,1
audiences,1
solymathewbijuuowdubai.ac.ae,1
"managers,",1
ecte482,1
"things,",1
speed,1
importance,1
biju,1
"theory,",1
table.,1
professionals,1
pre,1
civl352,1
researching,1
